clip_score,elongation,compactness,opacity,clip_scores,duration,input_image_path,hyperparameters,full_config
67.80309295654297,0.001,10.0,10.0,[1084.8494873046875],112.44350910186768,images/results/image-5.png,"dreamgaussian:
  H: 800
  W: 800
  anneal_timestep: true
  batch_size: 1
  densification_interval: 100
  densify_grad_threshold: 0.01
  density_end_iter: 3000
  density_start_iter: 100
  density_thresh: 1
  elevation: 0
  feature_lr: 0.01
  force_cuda_rast: false
  fovy: 49.1
  generate_gaussian_distribution_plots: false
  generate_image_progressions: false
  imagedream: false
  input: null
  invert_bg_prob: 0.5
  iters: 500
  lambda_sd: 0
  lambda_zero123: 1
  load: null
  max_ver: 30
  mesh_format: obj
  min_ver: -30
  mvdream: false
  num_pts: 5000
  opacity_lr: 0.05
  opacity_reset_interval: 700
  outdir: results/dream_gaussian/
  percent_dense: 0.01
  position_lr_delay_mult: 0.02
  position_lr_final: 2.0e-05
  position_lr_init: 0.001
  position_lr_max_steps: 500
  preprocessing_output_path: results/preprocessing/
  radius: 2
  ref_size: 512
  regularize:
    compactness: 10.0
    elongation: 0.001
    opacity: 10.0
  rotation_lr: 0.005
  save_geo_plus_texture: false
  save_images: true
  save_model: false
  scaling_lr: 0.005
  sh_degree: 0
  stable_zero123: false
  stage_1_images_output_path: results/dream_gaussian/stage_1/
  stage_1_result_images_output_path: results/stage_1/3images/
  warmup_rgb_loss: true
preprocess:
  border_ratio: 0.2
  recenter: true
  size: 512
","dreamgaussian:
  H: 800
  W: 800
  anneal_timestep: true
  batch_size: 1
  densification_interval: 100
  densify_grad_threshold: 0.01
  density_end_iter: 3000
  density_start_iter: 100
  density_thresh: 1
  elevation: 0
  feature_lr: 0.01
  force_cuda_rast: false
  fovy: 49.1
  generate_gaussian_distribution_plots: false
  generate_image_progressions: false
  imagedream: false
  input: null
  invert_bg_prob: 0.5
  iters: 500
  lambda_sd: 0
  lambda_zero123: 1
  load: null
  max_ver: 30
  mesh_format: obj
  min_ver: -30
  mvdream: false
  num_pts: 5000
  opacity_lr: 0.05
  opacity_reset_interval: 700
  outdir: results/dream_gaussian/
  percent_dense: 0.01
  position_lr_delay_mult: 0.02
  position_lr_final: 2.0e-05
  position_lr_init: 0.001
  position_lr_max_steps: 500
  preprocessing_output_path: results/preprocessing/
  radius: 2
  ref_size: 512
  regularize:
    compactness: 10.0
    elongation: 0.001
    opacity: 10.0
  rotation_lr: 0.005
  save_geo_plus_texture: false
  save_images: true
  save_model: false
  scaling_lr: 0.005
  sh_degree: 0
  stable_zero123: false
  stage_1_images_output_path: results/dream_gaussian/stage_1/
  stage_1_result_images_output_path: results/stage_1/3images/
  warmup_rgb_loss: true
paths:
  dream_gaussian_repo_path: repos/dreamgaussian/
  dream_gaussian_results_path: results/dream_gaussian/
  image_progression_output_path: results/image_progression/
  input_image_path: images/results/image-5.png
  model_output_path: results/dream_gaussian/model/
  preprocessing_output_path: results/preprocessing/
  stage_1_clip_scores_output_path: results/dream_gaussian/stage_1/result_clip_scores.csv
  stage_1_images_output_path: results/dream_gaussian/stage_1/
  stage_1_result_images_output_path: results/stage_1/3images/
preprocess:
  border_ratio: 0.2
  recenter: true
  size: 512
"
67.33132934570312,0.001,10.0,10.0,[1615.951904296875],103.21619987487793,images/results/image-11.png,"dreamgaussian:
  H: 800
  W: 800
  anneal_timestep: true
  batch_size: 1
  densification_interval: 100
  densify_grad_threshold: 0.01
  density_end_iter: 3000
  density_start_iter: 100
  density_thresh: 1
  elevation: 0
  feature_lr: 0.01
  force_cuda_rast: false
  fovy: 49.1
  generate_gaussian_distribution_plots: false
  generate_image_progressions: false
  imagedream: false
  input: null
  invert_bg_prob: 0.5
  iters: 500
  lambda_sd: 0
  lambda_zero123: 1
  load: null
  max_ver: 30
  mesh_format: obj
  min_ver: -30
  mvdream: false
  num_pts: 5000
  opacity_lr: 0.05
  opacity_reset_interval: 700
  outdir: results/dream_gaussian/
  percent_dense: 0.01
  position_lr_delay_mult: 0.02
  position_lr_final: 2.0e-05
  position_lr_init: 0.001
  position_lr_max_steps: 500
  preprocessing_output_path: results/preprocessing/
  radius: 2
  ref_size: 512
  regularize:
    compactness: 10.0
    elongation: 0.001
    opacity: 10.0
  rotation_lr: 0.005
  save_geo_plus_texture: false
  save_images: true
  save_model: false
  scaling_lr: 0.005
  sh_degree: 0
  stable_zero123: false
  stage_1_images_output_path: results/dream_gaussian/stage_1/
  stage_1_result_images_output_path: results/stage_1/3images/
  warmup_rgb_loss: true
preprocess:
  border_ratio: 0.2
  recenter: true
  size: 512
","dreamgaussian:
  H: 800
  W: 800
  anneal_timestep: true
  batch_size: 1
  densification_interval: 100
  densify_grad_threshold: 0.01
  density_end_iter: 3000
  density_start_iter: 100
  density_thresh: 1
  elevation: 0
  feature_lr: 0.01
  force_cuda_rast: false
  fovy: 49.1
  generate_gaussian_distribution_plots: false
  generate_image_progressions: false
  imagedream: false
  input: null
  invert_bg_prob: 0.5
  iters: 500
  lambda_sd: 0
  lambda_zero123: 1
  load: null
  max_ver: 30
  mesh_format: obj
  min_ver: -30
  mvdream: false
  num_pts: 5000
  opacity_lr: 0.05
  opacity_reset_interval: 700
  outdir: results/dream_gaussian/
  percent_dense: 0.01
  position_lr_delay_mult: 0.02
  position_lr_final: 2.0e-05
  position_lr_init: 0.001
  position_lr_max_steps: 500
  preprocessing_output_path: results/preprocessing/
  radius: 2
  ref_size: 512
  regularize:
    compactness: 10.0
    elongation: 0.001
    opacity: 10.0
  rotation_lr: 0.005
  save_geo_plus_texture: false
  save_images: true
  save_model: false
  scaling_lr: 0.005
  sh_degree: 0
  stable_zero123: false
  stage_1_images_output_path: results/dream_gaussian/stage_1/
  stage_1_result_images_output_path: results/stage_1/3images/
  warmup_rgb_loss: true
paths:
  dream_gaussian_repo_path: repos/dreamgaussian/
  dream_gaussian_results_path: results/dream_gaussian/
  image_progression_output_path: results/image_progression/
  input_image_path: images/results/image-11.png
  model_output_path: results/dream_gaussian/model/
  preprocessing_output_path: results/preprocessing/
  stage_1_clip_scores_output_path: results/dream_gaussian/stage_1/result_clip_scores.csv
  stage_1_images_output_path: results/dream_gaussian/stage_1/
  stage_1_result_images_output_path: results/stage_1/3images/
preprocess:
  border_ratio: 0.2
  recenter: true
  size: 512
"
68.37712860107422,0.001,10.0,10.0,[2188.068115234375],101.54654145240784,images/results/image-4.png,"dreamgaussian:
  H: 800
  W: 800
  anneal_timestep: true
  batch_size: 1
  densification_interval: 100
  densify_grad_threshold: 0.01
  density_end_iter: 3000
  density_start_iter: 100
  density_thresh: 1
  elevation: 0
  feature_lr: 0.01
  force_cuda_rast: false
  fovy: 49.1
  generate_gaussian_distribution_plots: false
  generate_image_progressions: false
  imagedream: false
  input: null
  invert_bg_prob: 0.5
  iters: 500
  lambda_sd: 0
  lambda_zero123: 1
  load: null
  max_ver: 30
  mesh_format: obj
  min_ver: -30
  mvdream: false
  num_pts: 5000
  opacity_lr: 0.05
  opacity_reset_interval: 700
  outdir: results/dream_gaussian/
  percent_dense: 0.01
  position_lr_delay_mult: 0.02
  position_lr_final: 2.0e-05
  position_lr_init: 0.001
  position_lr_max_steps: 500
  preprocessing_output_path: results/preprocessing/
  radius: 2
  ref_size: 512
  regularize:
    compactness: 10.0
    elongation: 0.001
    opacity: 10.0
  rotation_lr: 0.005
  save_geo_plus_texture: false
  save_images: true
  save_model: false
  scaling_lr: 0.005
  sh_degree: 0
  stable_zero123: false
  stage_1_images_output_path: results/dream_gaussian/stage_1/
  stage_1_result_images_output_path: results/stage_1/3images/
  warmup_rgb_loss: true
preprocess:
  border_ratio: 0.2
  recenter: true
  size: 512
","dreamgaussian:
  H: 800
  W: 800
  anneal_timestep: true
  batch_size: 1
  densification_interval: 100
  densify_grad_threshold: 0.01
  density_end_iter: 3000
  density_start_iter: 100
  density_thresh: 1
  elevation: 0
  feature_lr: 0.01
  force_cuda_rast: false
  fovy: 49.1
  generate_gaussian_distribution_plots: false
  generate_image_progressions: false
  imagedream: false
  input: null
  invert_bg_prob: 0.5
  iters: 500
  lambda_sd: 0
  lambda_zero123: 1
  load: null
  max_ver: 30
  mesh_format: obj
  min_ver: -30
  mvdream: false
  num_pts: 5000
  opacity_lr: 0.05
  opacity_reset_interval: 700
  outdir: results/dream_gaussian/
  percent_dense: 0.01
  position_lr_delay_mult: 0.02
  position_lr_final: 2.0e-05
  position_lr_init: 0.001
  position_lr_max_steps: 500
  preprocessing_output_path: results/preprocessing/
  radius: 2
  ref_size: 512
  regularize:
    compactness: 10.0
    elongation: 0.001
    opacity: 10.0
  rotation_lr: 0.005
  save_geo_plus_texture: false
  save_images: true
  save_model: false
  scaling_lr: 0.005
  sh_degree: 0
  stable_zero123: false
  stage_1_images_output_path: results/dream_gaussian/stage_1/
  stage_1_result_images_output_path: results/stage_1/3images/
  warmup_rgb_loss: true
paths:
  dream_gaussian_repo_path: repos/dreamgaussian/
  dream_gaussian_results_path: results/dream_gaussian/
  image_progression_output_path: results/image_progression/
  input_image_path: images/results/image-4.png
  model_output_path: results/dream_gaussian/model/
  preprocessing_output_path: results/preprocessing/
  stage_1_clip_scores_output_path: results/dream_gaussian/stage_1/result_clip_scores.csv
  stage_1_images_output_path: results/dream_gaussian/stage_1/
  stage_1_result_images_output_path: results/stage_1/3images/
preprocess:
  border_ratio: 0.2
  recenter: true
  size: 512
"
68.48095703125,0.001,10.0,10.0,[2739.23828125],101.92190647125244,images/results/image-14.png,"dreamgaussian:
  H: 800
  W: 800
  anneal_timestep: true
  batch_size: 1
  densification_interval: 100
  densify_grad_threshold: 0.01
  density_end_iter: 3000
  density_start_iter: 100
  density_thresh: 1
  elevation: 0
  feature_lr: 0.01
  force_cuda_rast: false
  fovy: 49.1
  generate_gaussian_distribution_plots: false
  generate_image_progressions: false
  imagedream: false
  input: null
  invert_bg_prob: 0.5
  iters: 500
  lambda_sd: 0
  lambda_zero123: 1
  load: null
  max_ver: 30
  mesh_format: obj
  min_ver: -30
  mvdream: false
  num_pts: 5000
  opacity_lr: 0.05
  opacity_reset_interval: 700
  outdir: results/dream_gaussian/
  percent_dense: 0.01
  position_lr_delay_mult: 0.02
  position_lr_final: 2.0e-05
  position_lr_init: 0.001
  position_lr_max_steps: 500
  preprocessing_output_path: results/preprocessing/
  radius: 2
  ref_size: 512
  regularize:
    compactness: 10.0
    elongation: 0.001
    opacity: 10.0
  rotation_lr: 0.005
  save_geo_plus_texture: false
  save_images: true
  save_model: false
  scaling_lr: 0.005
  sh_degree: 0
  stable_zero123: false
  stage_1_images_output_path: results/dream_gaussian/stage_1/
  stage_1_result_images_output_path: results/stage_1/3images/
  warmup_rgb_loss: true
preprocess:
  border_ratio: 0.2
  recenter: true
  size: 512
","dreamgaussian:
  H: 800
  W: 800
  anneal_timestep: true
  batch_size: 1
  densification_interval: 100
  densify_grad_threshold: 0.01
  density_end_iter: 3000
  density_start_iter: 100
  density_thresh: 1
  elevation: 0
  feature_lr: 0.01
  force_cuda_rast: false
  fovy: 49.1
  generate_gaussian_distribution_plots: false
  generate_image_progressions: false
  imagedream: false
  input: null
  invert_bg_prob: 0.5
  iters: 500
  lambda_sd: 0
  lambda_zero123: 1
  load: null
  max_ver: 30
  mesh_format: obj
  min_ver: -30
  mvdream: false
  num_pts: 5000
  opacity_lr: 0.05
  opacity_reset_interval: 700
  outdir: results/dream_gaussian/
  percent_dense: 0.01
  position_lr_delay_mult: 0.02
  position_lr_final: 2.0e-05
  position_lr_init: 0.001
  position_lr_max_steps: 500
  preprocessing_output_path: results/preprocessing/
  radius: 2
  ref_size: 512
  regularize:
    compactness: 10.0
    elongation: 0.001
    opacity: 10.0
  rotation_lr: 0.005
  save_geo_plus_texture: false
  save_images: true
  save_model: false
  scaling_lr: 0.005
  sh_degree: 0
  stable_zero123: false
  stage_1_images_output_path: results/dream_gaussian/stage_1/
  stage_1_result_images_output_path: results/stage_1/3images/
  warmup_rgb_loss: true
paths:
  dream_gaussian_repo_path: repos/dreamgaussian/
  dream_gaussian_results_path: results/dream_gaussian/
  image_progression_output_path: results/image_progression/
  input_image_path: images/results/image-14.png
  model_output_path: results/dream_gaussian/model/
  preprocessing_output_path: results/preprocessing/
  stage_1_clip_scores_output_path: results/dream_gaussian/stage_1/result_clip_scores.csv
  stage_1_images_output_path: results/dream_gaussian/stage_1/
  stage_1_result_images_output_path: results/stage_1/3images/
preprocess:
  border_ratio: 0.2
  recenter: true
  size: 512
"
68.33876037597656,0.001,10.0,10.0,[3280.260498046875],102.57413578033447,images/results/image-10.png,"dreamgaussian:
  H: 800
  W: 800
  anneal_timestep: true
  batch_size: 1
  densification_interval: 100
  densify_grad_threshold: 0.01
  density_end_iter: 3000
  density_start_iter: 100
  density_thresh: 1
  elevation: 0
  feature_lr: 0.01
  force_cuda_rast: false
  fovy: 49.1
  generate_gaussian_distribution_plots: false
  generate_image_progressions: false
  imagedream: false
  input: null
  invert_bg_prob: 0.5
  iters: 500
  lambda_sd: 0
  lambda_zero123: 1
  load: null
  max_ver: 30
  mesh_format: obj
  min_ver: -30
  mvdream: false
  num_pts: 5000
  opacity_lr: 0.05
  opacity_reset_interval: 700
  outdir: results/dream_gaussian/
  percent_dense: 0.01
  position_lr_delay_mult: 0.02
  position_lr_final: 2.0e-05
  position_lr_init: 0.001
  position_lr_max_steps: 500
  preprocessing_output_path: results/preprocessing/
  radius: 2
  ref_size: 512
  regularize:
    compactness: 10.0
    elongation: 0.001
    opacity: 10.0
  rotation_lr: 0.005
  save_geo_plus_texture: false
  save_images: true
  save_model: false
  scaling_lr: 0.005
  sh_degree: 0
  stable_zero123: false
  stage_1_images_output_path: results/dream_gaussian/stage_1/
  stage_1_result_images_output_path: results/stage_1/3images/
  warmup_rgb_loss: true
preprocess:
  border_ratio: 0.2
  recenter: true
  size: 512
","dreamgaussian:
  H: 800
  W: 800
  anneal_timestep: true
  batch_size: 1
  densification_interval: 100
  densify_grad_threshold: 0.01
  density_end_iter: 3000
  density_start_iter: 100
  density_thresh: 1
  elevation: 0
  feature_lr: 0.01
  force_cuda_rast: false
  fovy: 49.1
  generate_gaussian_distribution_plots: false
  generate_image_progressions: false
  imagedream: false
  input: null
  invert_bg_prob: 0.5
  iters: 500
  lambda_sd: 0
  lambda_zero123: 1
  load: null
  max_ver: 30
  mesh_format: obj
  min_ver: -30
  mvdream: false
  num_pts: 5000
  opacity_lr: 0.05
  opacity_reset_interval: 700
  outdir: results/dream_gaussian/
  percent_dense: 0.01
  position_lr_delay_mult: 0.02
  position_lr_final: 2.0e-05
  position_lr_init: 0.001
  position_lr_max_steps: 500
  preprocessing_output_path: results/preprocessing/
  radius: 2
  ref_size: 512
  regularize:
    compactness: 10.0
    elongation: 0.001
    opacity: 10.0
  rotation_lr: 0.005
  save_geo_plus_texture: false
  save_images: true
  save_model: false
  scaling_lr: 0.005
  sh_degree: 0
  stable_zero123: false
  stage_1_images_output_path: results/dream_gaussian/stage_1/
  stage_1_result_images_output_path: results/stage_1/3images/
  warmup_rgb_loss: true
paths:
  dream_gaussian_repo_path: repos/dreamgaussian/
  dream_gaussian_results_path: results/dream_gaussian/
  image_progression_output_path: results/image_progression/
  input_image_path: images/results/image-10.png
  model_output_path: results/dream_gaussian/model/
  preprocessing_output_path: results/preprocessing/
  stage_1_clip_scores_output_path: results/dream_gaussian/stage_1/result_clip_scores.csv
  stage_1_images_output_path: results/dream_gaussian/stage_1/
  stage_1_result_images_output_path: results/stage_1/3images/
preprocess:
  border_ratio: 0.2
  recenter: true
  size: 512
"
68.04253387451172,0.001,10.0,10.0,"[3422.26220703125, 388.11968994140625]",103.14350771903992,images/results/image-3.png,"dreamgaussian:
  H: 800
  W: 800
  anneal_timestep: true
  batch_size: 1
  densification_interval: 100
  densify_grad_threshold: 0.01
  density_end_iter: 3000
  density_start_iter: 100
  density_thresh: 1
  elevation: 0
  feature_lr: 0.01
  force_cuda_rast: false
  fovy: 49.1
  generate_gaussian_distribution_plots: false
  generate_image_progressions: false
  imagedream: false
  input: null
  invert_bg_prob: 0.5
  iters: 500
  lambda_sd: 0
  lambda_zero123: 1
  load: null
  max_ver: 30
  mesh_format: obj
  min_ver: -30
  mvdream: false
  num_pts: 5000
  opacity_lr: 0.05
  opacity_reset_interval: 700
  outdir: results/dream_gaussian/
  percent_dense: 0.01
  position_lr_delay_mult: 0.02
  position_lr_final: 2.0e-05
  position_lr_init: 0.001
  position_lr_max_steps: 500
  preprocessing_output_path: results/preprocessing/
  radius: 2
  ref_size: 512
  regularize:
    compactness: 10.0
    elongation: 0.001
    opacity: 10.0
  rotation_lr: 0.005
  save_geo_plus_texture: false
  save_images: true
  save_model: false
  scaling_lr: 0.005
  sh_degree: 0
  stable_zero123: false
  stage_1_images_output_path: results/dream_gaussian/stage_1/
  stage_1_result_images_output_path: results/stage_1/3images/
  warmup_rgb_loss: true
preprocess:
  border_ratio: 0.2
  recenter: true
  size: 512
","dreamgaussian:
  H: 800
  W: 800
  anneal_timestep: true
  batch_size: 1
  densification_interval: 100
  densify_grad_threshold: 0.01
  density_end_iter: 3000
  density_start_iter: 100
  density_thresh: 1
  elevation: 0
  feature_lr: 0.01
  force_cuda_rast: false
  fovy: 49.1
  generate_gaussian_distribution_plots: false
  generate_image_progressions: false
  imagedream: false
  input: null
  invert_bg_prob: 0.5
  iters: 500
  lambda_sd: 0
  lambda_zero123: 1
  load: null
  max_ver: 30
  mesh_format: obj
  min_ver: -30
  mvdream: false
  num_pts: 5000
  opacity_lr: 0.05
  opacity_reset_interval: 700
  outdir: results/dream_gaussian/
  percent_dense: 0.01
  position_lr_delay_mult: 0.02
  position_lr_final: 2.0e-05
  position_lr_init: 0.001
  position_lr_max_steps: 500
  preprocessing_output_path: results/preprocessing/
  radius: 2
  ref_size: 512
  regularize:
    compactness: 10.0
    elongation: 0.001
    opacity: 10.0
  rotation_lr: 0.005
  save_geo_plus_texture: false
  save_images: true
  save_model: false
  scaling_lr: 0.005
  sh_degree: 0
  stable_zero123: false
  stage_1_images_output_path: results/dream_gaussian/stage_1/
  stage_1_result_images_output_path: results/stage_1/3images/
  warmup_rgb_loss: true
paths:
  dream_gaussian_repo_path: repos/dreamgaussian/
  dream_gaussian_results_path: results/dream_gaussian/
  image_progression_output_path: results/image_progression/
  input_image_path: images/results/image-3.png
  model_output_path: results/dream_gaussian/model/
  preprocessing_output_path: results/preprocessing/
  stage_1_clip_scores_output_path: results/dream_gaussian/stage_1/result_clip_scores.csv
  stage_1_images_output_path: results/dream_gaussian/stage_1/
  stage_1_result_images_output_path: results/stage_1/3images/
preprocess:
  border_ratio: 0.2
  recenter: true
  size: 512
"
68.68367004394531,0.001,10.0,10.0,"[3466.9541015625, 928.8006591796875]",103.20734930038452,images/results/image-15.png,"dreamgaussian:
  H: 800
  W: 800
  anneal_timestep: true
  batch_size: 1
  densification_interval: 100
  densify_grad_threshold: 0.01
  density_end_iter: 3000
  density_start_iter: 100
  density_thresh: 1
  elevation: 0
  feature_lr: 0.01
  force_cuda_rast: false
  fovy: 49.1
  generate_gaussian_distribution_plots: false
  generate_image_progressions: false
  imagedream: false
  input: null
  invert_bg_prob: 0.5
  iters: 500
  lambda_sd: 0
  lambda_zero123: 1
  load: null
  max_ver: 30
  mesh_format: obj
  min_ver: -30
  mvdream: false
  num_pts: 5000
  opacity_lr: 0.05
  opacity_reset_interval: 700
  outdir: results/dream_gaussian/
  percent_dense: 0.01
  position_lr_delay_mult: 0.02
  position_lr_final: 2.0e-05
  position_lr_init: 0.001
  position_lr_max_steps: 500
  preprocessing_output_path: results/preprocessing/
  radius: 2
  ref_size: 512
  regularize:
    compactness: 10.0
    elongation: 0.001
    opacity: 10.0
  rotation_lr: 0.005
  save_geo_plus_texture: false
  save_images: true
  save_model: false
  scaling_lr: 0.005
  sh_degree: 0
  stable_zero123: false
  stage_1_images_output_path: results/dream_gaussian/stage_1/
  stage_1_result_images_output_path: results/stage_1/3images/
  warmup_rgb_loss: true
preprocess:
  border_ratio: 0.2
  recenter: true
  size: 512
","dreamgaussian:
  H: 800
  W: 800
  anneal_timestep: true
  batch_size: 1
  densification_interval: 100
  densify_grad_threshold: 0.01
  density_end_iter: 3000
  density_start_iter: 100
  density_thresh: 1
  elevation: 0
  feature_lr: 0.01
  force_cuda_rast: false
  fovy: 49.1
  generate_gaussian_distribution_plots: false
  generate_image_progressions: false
  imagedream: false
  input: null
  invert_bg_prob: 0.5
  iters: 500
  lambda_sd: 0
  lambda_zero123: 1
  load: null
  max_ver: 30
  mesh_format: obj
  min_ver: -30
  mvdream: false
  num_pts: 5000
  opacity_lr: 0.05
  opacity_reset_interval: 700
  outdir: results/dream_gaussian/
  percent_dense: 0.01
  position_lr_delay_mult: 0.02
  position_lr_final: 2.0e-05
  position_lr_init: 0.001
  position_lr_max_steps: 500
  preprocessing_output_path: results/preprocessing/
  radius: 2
  ref_size: 512
  regularize:
    compactness: 10.0
    elongation: 0.001
    opacity: 10.0
  rotation_lr: 0.005
  save_geo_plus_texture: false
  save_images: true
  save_model: false
  scaling_lr: 0.005
  sh_degree: 0
  stable_zero123: false
  stage_1_images_output_path: results/dream_gaussian/stage_1/
  stage_1_result_images_output_path: results/stage_1/3images/
  warmup_rgb_loss: true
paths:
  dream_gaussian_repo_path: repos/dreamgaussian/
  dream_gaussian_results_path: results/dream_gaussian/
  image_progression_output_path: results/image_progression/
  input_image_path: images/results/image-15.png
  model_output_path: results/dream_gaussian/model/
  preprocessing_output_path: results/preprocessing/
  stage_1_clip_scores_output_path: results/dream_gaussian/stage_1/result_clip_scores.csv
  stage_1_images_output_path: results/dream_gaussian/stage_1/
  stage_1_result_images_output_path: results/stage_1/3images/
preprocess:
  border_ratio: 0.2
  recenter: true
  size: 512
"
69.3776626586914,0.001,10.0,10.0,"[3510.966796875, 1484.224853515625]",102.49776935577393,images/results/image-9.png,"dreamgaussian:
  H: 800
  W: 800
  anneal_timestep: true
  batch_size: 1
  densification_interval: 100
  densify_grad_threshold: 0.01
  density_end_iter: 3000
  density_start_iter: 100
  density_thresh: 1
  elevation: 0
  feature_lr: 0.01
  force_cuda_rast: false
  fovy: 49.1
  generate_gaussian_distribution_plots: false
  generate_image_progressions: false
  imagedream: false
  input: null
  invert_bg_prob: 0.5
  iters: 500
  lambda_sd: 0
  lambda_zero123: 1
  load: null
  max_ver: 30
  mesh_format: obj
  min_ver: -30
  mvdream: false
  num_pts: 5000
  opacity_lr: 0.05
  opacity_reset_interval: 700
  outdir: results/dream_gaussian/
  percent_dense: 0.01
  position_lr_delay_mult: 0.02
  position_lr_final: 2.0e-05
  position_lr_init: 0.001
  position_lr_max_steps: 500
  preprocessing_output_path: results/preprocessing/
  radius: 2
  ref_size: 512
  regularize:
    compactness: 10.0
    elongation: 0.001
    opacity: 10.0
  rotation_lr: 0.005
  save_geo_plus_texture: false
  save_images: true
  save_model: false
  scaling_lr: 0.005
  sh_degree: 0
  stable_zero123: false
  stage_1_images_output_path: results/dream_gaussian/stage_1/
  stage_1_result_images_output_path: results/stage_1/3images/
  warmup_rgb_loss: true
preprocess:
  border_ratio: 0.2
  recenter: true
  size: 512
","dreamgaussian:
  H: 800
  W: 800
  anneal_timestep: true
  batch_size: 1
  densification_interval: 100
  densify_grad_threshold: 0.01
  density_end_iter: 3000
  density_start_iter: 100
  density_thresh: 1
  elevation: 0
  feature_lr: 0.01
  force_cuda_rast: false
  fovy: 49.1
  generate_gaussian_distribution_plots: false
  generate_image_progressions: false
  imagedream: false
  input: null
  invert_bg_prob: 0.5
  iters: 500
  lambda_sd: 0
  lambda_zero123: 1
  load: null
  max_ver: 30
  mesh_format: obj
  min_ver: -30
  mvdream: false
  num_pts: 5000
  opacity_lr: 0.05
  opacity_reset_interval: 700
  outdir: results/dream_gaussian/
  percent_dense: 0.01
  position_lr_delay_mult: 0.02
  position_lr_final: 2.0e-05
  position_lr_init: 0.001
  position_lr_max_steps: 500
  preprocessing_output_path: results/preprocessing/
  radius: 2
  ref_size: 512
  regularize:
    compactness: 10.0
    elongation: 0.001
    opacity: 10.0
  rotation_lr: 0.005
  save_geo_plus_texture: false
  save_images: true
  save_model: false
  scaling_lr: 0.005
  sh_degree: 0
  stable_zero123: false
  stage_1_images_output_path: results/dream_gaussian/stage_1/
  stage_1_result_images_output_path: results/stage_1/3images/
  warmup_rgb_loss: true
paths:
  dream_gaussian_repo_path: repos/dreamgaussian/
  dream_gaussian_results_path: results/dream_gaussian/
  image_progression_output_path: results/image_progression/
  input_image_path: images/results/image-9.png
  model_output_path: results/dream_gaussian/model/
  preprocessing_output_path: results/preprocessing/
  stage_1_clip_scores_output_path: results/dream_gaussian/stage_1/result_clip_scores.csv
  stage_1_images_output_path: results/dream_gaussian/stage_1/
  stage_1_result_images_output_path: results/stage_1/3images/
preprocess:
  border_ratio: 0.2
  recenter: true
  size: 512
"
69.74485778808594,0.001,10.0,10.0,"[3533.72412109375, 2045.8641357421875]",102.76660823822021,images/results/image-8.png,"dreamgaussian:
  H: 800
  W: 800
  anneal_timestep: true
  batch_size: 1
  densification_interval: 100
  densify_grad_threshold: 0.01
  density_end_iter: 3000
  density_start_iter: 100
  density_thresh: 1
  elevation: 0
  feature_lr: 0.01
  force_cuda_rast: false
  fovy: 49.1
  generate_gaussian_distribution_plots: false
  generate_image_progressions: false
  imagedream: false
  input: null
  invert_bg_prob: 0.5
  iters: 500
  lambda_sd: 0
  lambda_zero123: 1
  load: null
  max_ver: 30
  mesh_format: obj
  min_ver: -30
  mvdream: false
  num_pts: 5000
  opacity_lr: 0.05
  opacity_reset_interval: 700
  outdir: results/dream_gaussian/
  percent_dense: 0.01
  position_lr_delay_mult: 0.02
  position_lr_final: 2.0e-05
  position_lr_init: 0.001
  position_lr_max_steps: 500
  preprocessing_output_path: results/preprocessing/
  radius: 2
  ref_size: 512
  regularize:
    compactness: 10.0
    elongation: 0.001
    opacity: 10.0
  rotation_lr: 0.005
  save_geo_plus_texture: false
  save_images: true
  save_model: false
  scaling_lr: 0.005
  sh_degree: 0
  stable_zero123: false
  stage_1_images_output_path: results/dream_gaussian/stage_1/
  stage_1_result_images_output_path: results/stage_1/3images/
  warmup_rgb_loss: true
preprocess:
  border_ratio: 0.2
  recenter: true
  size: 512
","dreamgaussian:
  H: 800
  W: 800
  anneal_timestep: true
  batch_size: 1
  densification_interval: 100
  densify_grad_threshold: 0.01
  density_end_iter: 3000
  density_start_iter: 100
  density_thresh: 1
  elevation: 0
  feature_lr: 0.01
  force_cuda_rast: false
  fovy: 49.1
  generate_gaussian_distribution_plots: false
  generate_image_progressions: false
  imagedream: false
  input: null
  invert_bg_prob: 0.5
  iters: 500
  lambda_sd: 0
  lambda_zero123: 1
  load: null
  max_ver: 30
  mesh_format: obj
  min_ver: -30
  mvdream: false
  num_pts: 5000
  opacity_lr: 0.05
  opacity_reset_interval: 700
  outdir: results/dream_gaussian/
  percent_dense: 0.01
  position_lr_delay_mult: 0.02
  position_lr_final: 2.0e-05
  position_lr_init: 0.001
  position_lr_max_steps: 500
  preprocessing_output_path: results/preprocessing/
  radius: 2
  ref_size: 512
  regularize:
    compactness: 10.0
    elongation: 0.001
    opacity: 10.0
  rotation_lr: 0.005
  save_geo_plus_texture: false
  save_images: true
  save_model: false
  scaling_lr: 0.005
  sh_degree: 0
  stable_zero123: false
  stage_1_images_output_path: results/dream_gaussian/stage_1/
  stage_1_result_images_output_path: results/stage_1/3images/
  warmup_rgb_loss: true
paths:
  dream_gaussian_repo_path: repos/dreamgaussian/
  dream_gaussian_results_path: results/dream_gaussian/
  image_progression_output_path: results/image_progression/
  input_image_path: images/results/image-8.png
  model_output_path: results/dream_gaussian/model/
  preprocessing_output_path: results/preprocessing/
  stage_1_clip_scores_output_path: results/dream_gaussian/stage_1/result_clip_scores.csv
  stage_1_images_output_path: results/dream_gaussian/stage_1/
  stage_1_result_images_output_path: results/stage_1/3images/
preprocess:
  border_ratio: 0.2
  recenter: true
  size: 512
"
70.228515625,0.001,10.0,10.0,"[3568.337158203125, 2611.77197265625]",102.49428606033325,images/results/image.png,"dreamgaussian:
  H: 800
  W: 800
  anneal_timestep: true
  batch_size: 1
  densification_interval: 100
  densify_grad_threshold: 0.01
  density_end_iter: 3000
  density_start_iter: 100
  density_thresh: 1
  elevation: 0
  feature_lr: 0.01
  force_cuda_rast: false
  fovy: 49.1
  generate_gaussian_distribution_plots: false
  generate_image_progressions: false
  imagedream: false
  input: null
  invert_bg_prob: 0.5
  iters: 500
  lambda_sd: 0
  lambda_zero123: 1
  load: null
  max_ver: 30
  mesh_format: obj
  min_ver: -30
  mvdream: false
  num_pts: 5000
  opacity_lr: 0.05
  opacity_reset_interval: 700
  outdir: results/dream_gaussian/
  percent_dense: 0.01
  position_lr_delay_mult: 0.02
  position_lr_final: 2.0e-05
  position_lr_init: 0.001
  position_lr_max_steps: 500
  preprocessing_output_path: results/preprocessing/
  radius: 2
  ref_size: 512
  regularize:
    compactness: 10.0
    elongation: 0.001
    opacity: 10.0
  rotation_lr: 0.005
  save_geo_plus_texture: false
  save_images: true
  save_model: false
  scaling_lr: 0.005
  sh_degree: 0
  stable_zero123: false
  stage_1_images_output_path: results/dream_gaussian/stage_1/
  stage_1_result_images_output_path: results/stage_1/3images/
  warmup_rgb_loss: true
preprocess:
  border_ratio: 0.2
  recenter: true
  size: 512
","dreamgaussian:
  H: 800
  W: 800
  anneal_timestep: true
  batch_size: 1
  densification_interval: 100
  densify_grad_threshold: 0.01
  density_end_iter: 3000
  density_start_iter: 100
  density_thresh: 1
  elevation: 0
  feature_lr: 0.01
  force_cuda_rast: false
  fovy: 49.1
  generate_gaussian_distribution_plots: false
  generate_image_progressions: false
  imagedream: false
  input: null
  invert_bg_prob: 0.5
  iters: 500
  lambda_sd: 0
  lambda_zero123: 1
  load: null
  max_ver: 30
  mesh_format: obj
  min_ver: -30
  mvdream: false
  num_pts: 5000
  opacity_lr: 0.05
  opacity_reset_interval: 700
  outdir: results/dream_gaussian/
  percent_dense: 0.01
  position_lr_delay_mult: 0.02
  position_lr_final: 2.0e-05
  position_lr_init: 0.001
  position_lr_max_steps: 500
  preprocessing_output_path: results/preprocessing/
  radius: 2
  ref_size: 512
  regularize:
    compactness: 10.0
    elongation: 0.001
    opacity: 10.0
  rotation_lr: 0.005
  save_geo_plus_texture: false
  save_images: true
  save_model: false
  scaling_lr: 0.005
  sh_degree: 0
  stable_zero123: false
  stage_1_images_output_path: results/dream_gaussian/stage_1/
  stage_1_result_images_output_path: results/stage_1/3images/
  warmup_rgb_loss: true
paths:
  dream_gaussian_repo_path: repos/dreamgaussian/
  dream_gaussian_results_path: results/dream_gaussian/
  image_progression_output_path: results/image_progression/
  input_image_path: images/results/image.png
  model_output_path: results/dream_gaussian/model/
  preprocessing_output_path: results/preprocessing/
  stage_1_clip_scores_output_path: results/dream_gaussian/stage_1/result_clip_scores.csv
  stage_1_images_output_path: results/dream_gaussian/stage_1/
  stage_1_result_images_output_path: results/stage_1/3images/
preprocess:
  border_ratio: 0.2
  recenter: true
  size: 512
"
70.72725677490234,0.001,10.0,10.0,"[3617.81494140625, 3172.001220703125]",103.0161383152008,images/results/image-6.png,"dreamgaussian:
  H: 800
  W: 800
  anneal_timestep: true
  batch_size: 1
  densification_interval: 100
  densify_grad_threshold: 0.01
  density_end_iter: 3000
  density_start_iter: 100
  density_thresh: 1
  elevation: 0
  feature_lr: 0.01
  force_cuda_rast: false
  fovy: 49.1
  generate_gaussian_distribution_plots: false
  generate_image_progressions: false
  imagedream: false
  input: null
  invert_bg_prob: 0.5
  iters: 500
  lambda_sd: 0
  lambda_zero123: 1
  load: null
  max_ver: 30
  mesh_format: obj
  min_ver: -30
  mvdream: false
  num_pts: 5000
  opacity_lr: 0.05
  opacity_reset_interval: 700
  outdir: results/dream_gaussian/
  percent_dense: 0.01
  position_lr_delay_mult: 0.02
  position_lr_final: 2.0e-05
  position_lr_init: 0.001
  position_lr_max_steps: 500
  preprocessing_output_path: results/preprocessing/
  radius: 2
  ref_size: 512
  regularize:
    compactness: 10.0
    elongation: 0.001
    opacity: 10.0
  rotation_lr: 0.005
  save_geo_plus_texture: false
  save_images: true
  save_model: false
  scaling_lr: 0.005
  sh_degree: 0
  stable_zero123: false
  stage_1_images_output_path: results/dream_gaussian/stage_1/
  stage_1_result_images_output_path: results/stage_1/3images/
  warmup_rgb_loss: true
preprocess:
  border_ratio: 0.2
  recenter: true
  size: 512
","dreamgaussian:
  H: 800
  W: 800
  anneal_timestep: true
  batch_size: 1
  densification_interval: 100
  densify_grad_threshold: 0.01
  density_end_iter: 3000
  density_start_iter: 100
  density_thresh: 1
  elevation: 0
  feature_lr: 0.01
  force_cuda_rast: false
  fovy: 49.1
  generate_gaussian_distribution_plots: false
  generate_image_progressions: false
  imagedream: false
  input: null
  invert_bg_prob: 0.5
  iters: 500
  lambda_sd: 0
  lambda_zero123: 1
  load: null
  max_ver: 30
  mesh_format: obj
  min_ver: -30
  mvdream: false
  num_pts: 5000
  opacity_lr: 0.05
  opacity_reset_interval: 700
  outdir: results/dream_gaussian/
  percent_dense: 0.01
  position_lr_delay_mult: 0.02
  position_lr_final: 2.0e-05
  position_lr_init: 0.001
  position_lr_max_steps: 500
  preprocessing_output_path: results/preprocessing/
  radius: 2
  ref_size: 512
  regularize:
    compactness: 10.0
    elongation: 0.001
    opacity: 10.0
  rotation_lr: 0.005
  save_geo_plus_texture: false
  save_images: true
  save_model: false
  scaling_lr: 0.005
  sh_degree: 0
  stable_zero123: false
  stage_1_images_output_path: results/dream_gaussian/stage_1/
  stage_1_result_images_output_path: results/stage_1/3images/
  warmup_rgb_loss: true
paths:
  dream_gaussian_repo_path: repos/dreamgaussian/
  dream_gaussian_results_path: results/dream_gaussian/
  image_progression_output_path: results/image_progression/
  input_image_path: images/results/image-6.png
  model_output_path: results/dream_gaussian/model/
  preprocessing_output_path: results/preprocessing/
  stage_1_clip_scores_output_path: results/dream_gaussian/stage_1/result_clip_scores.csv
  stage_1_images_output_path: results/dream_gaussian/stage_1/
  stage_1_result_images_output_path: results/stage_1/3images/
preprocess:
  border_ratio: 0.2
  recenter: true
  size: 512
"
70.964599609375,0.001,10.0,10.0,"[3639.615234375, 3465.58349609375, 275.1198425292969]",110.14688038825989,images/results/image-12.png,"dreamgaussian:
  H: 800
  W: 800
  anneal_timestep: true
  batch_size: 1
  densification_interval: 100
  densify_grad_threshold: 0.01
  density_end_iter: 3000
  density_start_iter: 100
  density_thresh: 1
  elevation: 0
  feature_lr: 0.01
  force_cuda_rast: false
  fovy: 49.1
  generate_gaussian_distribution_plots: false
  generate_image_progressions: false
  imagedream: false
  input: null
  invert_bg_prob: 0.5
  iters: 500
  lambda_sd: 0
  lambda_zero123: 1
  load: null
  max_ver: 30
  mesh_format: obj
  min_ver: -30
  mvdream: false
  num_pts: 5000
  opacity_lr: 0.05
  opacity_reset_interval: 700
  outdir: results/dream_gaussian/
  percent_dense: 0.01
  position_lr_delay_mult: 0.02
  position_lr_final: 2.0e-05
  position_lr_init: 0.001
  position_lr_max_steps: 500
  preprocessing_output_path: results/preprocessing/
  radius: 2
  ref_size: 512
  regularize:
    compactness: 10.0
    elongation: 0.001
    opacity: 10.0
  rotation_lr: 0.005
  save_geo_plus_texture: false
  save_images: true
  save_model: false
  scaling_lr: 0.005
  sh_degree: 0
  stable_zero123: false
  stage_1_images_output_path: results/dream_gaussian/stage_1/
  stage_1_result_images_output_path: results/stage_1/3images/
  warmup_rgb_loss: true
preprocess:
  border_ratio: 0.2
  recenter: true
  size: 512
","dreamgaussian:
  H: 800
  W: 800
  anneal_timestep: true
  batch_size: 1
  densification_interval: 100
  densify_grad_threshold: 0.01
  density_end_iter: 3000
  density_start_iter: 100
  density_thresh: 1
  elevation: 0
  feature_lr: 0.01
  force_cuda_rast: false
  fovy: 49.1
  generate_gaussian_distribution_plots: false
  generate_image_progressions: false
  imagedream: false
  input: null
  invert_bg_prob: 0.5
  iters: 500
  lambda_sd: 0
  lambda_zero123: 1
  load: null
  max_ver: 30
  mesh_format: obj
  min_ver: -30
  mvdream: false
  num_pts: 5000
  opacity_lr: 0.05
  opacity_reset_interval: 700
  outdir: results/dream_gaussian/
  percent_dense: 0.01
  position_lr_delay_mult: 0.02
  position_lr_final: 2.0e-05
  position_lr_init: 0.001
  position_lr_max_steps: 500
  preprocessing_output_path: results/preprocessing/
  radius: 2
  ref_size: 512
  regularize:
    compactness: 10.0
    elongation: 0.001
    opacity: 10.0
  rotation_lr: 0.005
  save_geo_plus_texture: false
  save_images: true
  save_model: false
  scaling_lr: 0.005
  sh_degree: 0
  stable_zero123: false
  stage_1_images_output_path: results/dream_gaussian/stage_1/
  stage_1_result_images_output_path: results/stage_1/3images/
  warmup_rgb_loss: true
paths:
  dream_gaussian_repo_path: repos/dreamgaussian/
  dream_gaussian_results_path: results/dream_gaussian/
  image_progression_output_path: results/image_progression/
  input_image_path: images/results/image-12.png
  model_output_path: results/dream_gaussian/model/
  preprocessing_output_path: results/preprocessing/
  stage_1_clip_scores_output_path: results/dream_gaussian/stage_1/result_clip_scores.csv
  stage_1_images_output_path: results/dream_gaussian/stage_1/
  stage_1_result_images_output_path: results/stage_1/3images/
preprocess:
  border_ratio: 0.2
  recenter: true
  size: 512
"
70.59374237060547,0,0,0,"[3610.98486328125, 3480.82275390625, 814.691162109375]",103.983229637146,images/results/image-5.png,"dreamgaussian:
  H: 800
  W: 800
  anneal_timestep: true
  batch_size: 1
  densification_interval: 100
  densify_grad_threshold: 0.01
  density_end_iter: 3000
  density_start_iter: 100
  density_thresh: 1
  elevation: 0
  feature_lr: 0.01
  force_cuda_rast: false
  fovy: 49.1
  generate_gaussian_distribution_plots: false
  generate_image_progressions: false
  imagedream: false
  input: null
  invert_bg_prob: 0.5
  iters: 500
  lambda_sd: 0
  lambda_zero123: 1
  load: null
  max_ver: 30
  mesh_format: obj
  min_ver: -30
  mvdream: false
  num_pts: 5000
  opacity_lr: 0.05
  opacity_reset_interval: 700
  outdir: results/dream_gaussian/
  percent_dense: 0.01
  position_lr_delay_mult: 0.02
  position_lr_final: 2.0e-05
  position_lr_init: 0.001
  position_lr_max_steps: 500
  preprocessing_output_path: results/preprocessing/
  radius: 2
  ref_size: 512
  regularize:
    compactness: 0
    elongation: 0
    opacity: 0
  rotation_lr: 0.005
  save_geo_plus_texture: false
  save_images: true
  save_model: false
  scaling_lr: 0.005
  sh_degree: 0
  stable_zero123: false
  stage_1_images_output_path: results/dream_gaussian/stage_1/
  stage_1_result_images_output_path: results/stage_1/3images/
  warmup_rgb_loss: true
preprocess:
  border_ratio: 0.2
  recenter: true
  size: 512
","dreamgaussian:
  H: 800
  W: 800
  anneal_timestep: true
  batch_size: 1
  densification_interval: 100
  densify_grad_threshold: 0.01
  density_end_iter: 3000
  density_start_iter: 100
  density_thresh: 1
  elevation: 0
  feature_lr: 0.01
  force_cuda_rast: false
  fovy: 49.1
  generate_gaussian_distribution_plots: false
  generate_image_progressions: false
  imagedream: false
  input: null
  invert_bg_prob: 0.5
  iters: 500
  lambda_sd: 0
  lambda_zero123: 1
  load: null
  max_ver: 30
  mesh_format: obj
  min_ver: -30
  mvdream: false
  num_pts: 5000
  opacity_lr: 0.05
  opacity_reset_interval: 700
  outdir: results/dream_gaussian/
  percent_dense: 0.01
  position_lr_delay_mult: 0.02
  position_lr_final: 2.0e-05
  position_lr_init: 0.001
  position_lr_max_steps: 500
  preprocessing_output_path: results/preprocessing/
  radius: 2
  ref_size: 512
  regularize:
    compactness: 0
    elongation: 0
    opacity: 0
  rotation_lr: 0.005
  save_geo_plus_texture: false
  save_images: true
  save_model: false
  scaling_lr: 0.005
  sh_degree: 0
  stable_zero123: false
  stage_1_images_output_path: results/dream_gaussian/stage_1/
  stage_1_result_images_output_path: results/stage_1/3images/
  warmup_rgb_loss: true
paths:
  dream_gaussian_repo_path: repos/dreamgaussian/
  dream_gaussian_results_path: results/dream_gaussian/
  image_progression_output_path: results/image_progression/
  input_image_path: images/results/image-5.png
  model_output_path: results/dream_gaussian/model/
  preprocessing_output_path: results/preprocessing/
  stage_1_clip_scores_output_path: results/dream_gaussian/stage_1/result_clip_scores.csv
  stage_1_images_output_path: results/dream_gaussian/stage_1/
  stage_1_result_images_output_path: results/stage_1/3images/
preprocess:
  border_ratio: 0.2
  recenter: true
  size: 512
"
70.2536849975586,0,0,0,"[3602.814453125, 3481.702392578125, 1345.925048828125]",103.91281533241272,images/results/image-11.png,"dreamgaussian:
  H: 800
  W: 800
  anneal_timestep: true
  batch_size: 1
  densification_interval: 100
  densify_grad_threshold: 0.01
  density_end_iter: 3000
  density_start_iter: 100
  density_thresh: 1
  elevation: 0
  feature_lr: 0.01
  force_cuda_rast: false
  fovy: 49.1
  generate_gaussian_distribution_plots: false
  generate_image_progressions: false
  imagedream: false
  input: null
  invert_bg_prob: 0.5
  iters: 500
  lambda_sd: 0
  lambda_zero123: 1
  load: null
  max_ver: 30
  mesh_format: obj
  min_ver: -30
  mvdream: false
  num_pts: 5000
  opacity_lr: 0.05
  opacity_reset_interval: 700
  outdir: results/dream_gaussian/
  percent_dense: 0.01
  position_lr_delay_mult: 0.02
  position_lr_final: 2.0e-05
  position_lr_init: 0.001
  position_lr_max_steps: 500
  preprocessing_output_path: results/preprocessing/
  radius: 2
  ref_size: 512
  regularize:
    compactness: 0
    elongation: 0
    opacity: 0
  rotation_lr: 0.005
  save_geo_plus_texture: false
  save_images: true
  save_model: false
  scaling_lr: 0.005
  sh_degree: 0
  stable_zero123: false
  stage_1_images_output_path: results/dream_gaussian/stage_1/
  stage_1_result_images_output_path: results/stage_1/3images/
  warmup_rgb_loss: true
preprocess:
  border_ratio: 0.2
  recenter: true
  size: 512
","dreamgaussian:
  H: 800
  W: 800
  anneal_timestep: true
  batch_size: 1
  densification_interval: 100
  densify_grad_threshold: 0.01
  density_end_iter: 3000
  density_start_iter: 100
  density_thresh: 1
  elevation: 0
  feature_lr: 0.01
  force_cuda_rast: false
  fovy: 49.1
  generate_gaussian_distribution_plots: false
  generate_image_progressions: false
  imagedream: false
  input: null
  invert_bg_prob: 0.5
  iters: 500
  lambda_sd: 0
  lambda_zero123: 1
  load: null
  max_ver: 30
  mesh_format: obj
  min_ver: -30
  mvdream: false
  num_pts: 5000
  opacity_lr: 0.05
  opacity_reset_interval: 700
  outdir: results/dream_gaussian/
  percent_dense: 0.01
  position_lr_delay_mult: 0.02
  position_lr_final: 2.0e-05
  position_lr_init: 0.001
  position_lr_max_steps: 500
  preprocessing_output_path: results/preprocessing/
  radius: 2
  ref_size: 512
  regularize:
    compactness: 0
    elongation: 0
    opacity: 0
  rotation_lr: 0.005
  save_geo_plus_texture: false
  save_images: true
  save_model: false
  scaling_lr: 0.005
  sh_degree: 0
  stable_zero123: false
  stage_1_images_output_path: results/dream_gaussian/stage_1/
  stage_1_result_images_output_path: results/stage_1/3images/
  warmup_rgb_loss: true
paths:
  dream_gaussian_repo_path: repos/dreamgaussian/
  dream_gaussian_results_path: results/dream_gaussian/
  image_progression_output_path: results/image_progression/
  input_image_path: images/results/image-11.png
  model_output_path: results/dream_gaussian/model/
  preprocessing_output_path: results/preprocessing/
  stage_1_clip_scores_output_path: results/dream_gaussian/stage_1/result_clip_scores.csv
  stage_1_images_output_path: results/dream_gaussian/stage_1/
  stage_1_result_images_output_path: results/stage_1/3images/
preprocess:
  border_ratio: 0.2
  recenter: true
  size: 512
"
70.34889221191406,0,0,0,"[3606.428466796875, 3480.447021484375, 1917.7825927734375]",103.23821353912354,images/results/image-4.png,"dreamgaussian:
  H: 800
  W: 800
  anneal_timestep: true
  batch_size: 1
  densification_interval: 100
  densify_grad_threshold: 0.01
  density_end_iter: 3000
  density_start_iter: 100
  density_thresh: 1
  elevation: 0
  feature_lr: 0.01
  force_cuda_rast: false
  fovy: 49.1
  generate_gaussian_distribution_plots: false
  generate_image_progressions: false
  imagedream: false
  input: null
  invert_bg_prob: 0.5
  iters: 500
  lambda_sd: 0
  lambda_zero123: 1
  load: null
  max_ver: 30
  mesh_format: obj
  min_ver: -30
  mvdream: false
  num_pts: 5000
  opacity_lr: 0.05
  opacity_reset_interval: 700
  outdir: results/dream_gaussian/
  percent_dense: 0.01
  position_lr_delay_mult: 0.02
  position_lr_final: 2.0e-05
  position_lr_init: 0.001
  position_lr_max_steps: 500
  preprocessing_output_path: results/preprocessing/
  radius: 2
  ref_size: 512
  regularize:
    compactness: 0
    elongation: 0
    opacity: 0
  rotation_lr: 0.005
  save_geo_plus_texture: false
  save_images: true
  save_model: false
  scaling_lr: 0.005
  sh_degree: 0
  stable_zero123: false
  stage_1_images_output_path: results/dream_gaussian/stage_1/
  stage_1_result_images_output_path: results/stage_1/3images/
  warmup_rgb_loss: true
preprocess:
  border_ratio: 0.2
  recenter: true
  size: 512
","dreamgaussian:
  H: 800
  W: 800
  anneal_timestep: true
  batch_size: 1
  densification_interval: 100
  densify_grad_threshold: 0.01
  density_end_iter: 3000
  density_start_iter: 100
  density_thresh: 1
  elevation: 0
  feature_lr: 0.01
  force_cuda_rast: false
  fovy: 49.1
  generate_gaussian_distribution_plots: false
  generate_image_progressions: false
  imagedream: false
  input: null
  invert_bg_prob: 0.5
  iters: 500
  lambda_sd: 0
  lambda_zero123: 1
  load: null
  max_ver: 30
  mesh_format: obj
  min_ver: -30
  mvdream: false
  num_pts: 5000
  opacity_lr: 0.05
  opacity_reset_interval: 700
  outdir: results/dream_gaussian/
  percent_dense: 0.01
  position_lr_delay_mult: 0.02
  position_lr_final: 2.0e-05
  position_lr_init: 0.001
  position_lr_max_steps: 500
  preprocessing_output_path: results/preprocessing/
  radius: 2
  ref_size: 512
  regularize:
    compactness: 0
    elongation: 0
    opacity: 0
  rotation_lr: 0.005
  save_geo_plus_texture: false
  save_images: true
  save_model: false
  scaling_lr: 0.005
  sh_degree: 0
  stable_zero123: false
  stage_1_images_output_path: results/dream_gaussian/stage_1/
  stage_1_result_images_output_path: results/stage_1/3images/
  warmup_rgb_loss: true
paths:
  dream_gaussian_repo_path: repos/dreamgaussian/
  dream_gaussian_results_path: results/dream_gaussian/
  image_progression_output_path: results/image_progression/
  input_image_path: images/results/image-4.png
  model_output_path: results/dream_gaussian/model/
  preprocessing_output_path: results/preprocessing/
  stage_1_clip_scores_output_path: results/dream_gaussian/stage_1/result_clip_scores.csv
  stage_1_images_output_path: results/dream_gaussian/stage_1/
  stage_1_result_images_output_path: results/stage_1/3images/
preprocess:
  border_ratio: 0.2
  recenter: true
  size: 512
"
70.27976989746094,0,0,0,"[3597.278564453125, 3495.3994140625, 2465.37109375]",103.534264087677,images/results/image-14.png,"dreamgaussian:
  H: 800
  W: 800
  anneal_timestep: true
  batch_size: 1
  densification_interval: 100
  densify_grad_threshold: 0.01
  density_end_iter: 3000
  density_start_iter: 100
  density_thresh: 1
  elevation: 0
  feature_lr: 0.01
  force_cuda_rast: false
  fovy: 49.1
  generate_gaussian_distribution_plots: false
  generate_image_progressions: false
  imagedream: false
  input: null
  invert_bg_prob: 0.5
  iters: 500
  lambda_sd: 0
  lambda_zero123: 1
  load: null
  max_ver: 30
  mesh_format: obj
  min_ver: -30
  mvdream: false
  num_pts: 5000
  opacity_lr: 0.05
  opacity_reset_interval: 700
  outdir: results/dream_gaussian/
  percent_dense: 0.01
  position_lr_delay_mult: 0.02
  position_lr_final: 2.0e-05
  position_lr_init: 0.001
  position_lr_max_steps: 500
  preprocessing_output_path: results/preprocessing/
  radius: 2
  ref_size: 512
  regularize:
    compactness: 0
    elongation: 0
    opacity: 0
  rotation_lr: 0.005
  save_geo_plus_texture: false
  save_images: true
  save_model: false
  scaling_lr: 0.005
  sh_degree: 0
  stable_zero123: false
  stage_1_images_output_path: results/dream_gaussian/stage_1/
  stage_1_result_images_output_path: results/stage_1/3images/
  warmup_rgb_loss: true
preprocess:
  border_ratio: 0.2
  recenter: true
  size: 512
","dreamgaussian:
  H: 800
  W: 800
  anneal_timestep: true
  batch_size: 1
  densification_interval: 100
  densify_grad_threshold: 0.01
  density_end_iter: 3000
  density_start_iter: 100
  density_thresh: 1
  elevation: 0
  feature_lr: 0.01
  force_cuda_rast: false
  fovy: 49.1
  generate_gaussian_distribution_plots: false
  generate_image_progressions: false
  imagedream: false
  input: null
  invert_bg_prob: 0.5
  iters: 500
  lambda_sd: 0
  lambda_zero123: 1
  load: null
  max_ver: 30
  mesh_format: obj
  min_ver: -30
  mvdream: false
  num_pts: 5000
  opacity_lr: 0.05
  opacity_reset_interval: 700
  outdir: results/dream_gaussian/
  percent_dense: 0.01
  position_lr_delay_mult: 0.02
  position_lr_final: 2.0e-05
  position_lr_init: 0.001
  position_lr_max_steps: 500
  preprocessing_output_path: results/preprocessing/
  radius: 2
  ref_size: 512
  regularize:
    compactness: 0
    elongation: 0
    opacity: 0
  rotation_lr: 0.005
  save_geo_plus_texture: false
  save_images: true
  save_model: false
  scaling_lr: 0.005
  sh_degree: 0
  stable_zero123: false
  stage_1_images_output_path: results/dream_gaussian/stage_1/
  stage_1_result_images_output_path: results/stage_1/3images/
  warmup_rgb_loss: true
paths:
  dream_gaussian_repo_path: repos/dreamgaussian/
  dream_gaussian_results_path: results/dream_gaussian/
  image_progression_output_path: results/image_progression/
  input_image_path: images/results/image-14.png
  model_output_path: results/dream_gaussian/model/
  preprocessing_output_path: results/preprocessing/
  stage_1_clip_scores_output_path: results/dream_gaussian/stage_1/result_clip_scores.csv
  stage_1_images_output_path: results/dream_gaussian/stage_1/
  stage_1_result_images_output_path: results/stage_1/3images/
preprocess:
  border_ratio: 0.2
  recenter: true
  size: 512
"
70.21308135986328,0,0,0,"[3596.35009765625, 3500.052734375, 3014.28076171875]",102.79479908943176,images/results/image-10.png,"dreamgaussian:
  H: 800
  W: 800
  anneal_timestep: true
  batch_size: 1
  densification_interval: 100
  densify_grad_threshold: 0.01
  density_end_iter: 3000
  density_start_iter: 100
  density_thresh: 1
  elevation: 0
  feature_lr: 0.01
  force_cuda_rast: false
  fovy: 49.1
  generate_gaussian_distribution_plots: false
  generate_image_progressions: false
  imagedream: false
  input: null
  invert_bg_prob: 0.5
  iters: 500
  lambda_sd: 0
  lambda_zero123: 1
  load: null
  max_ver: 30
  mesh_format: obj
  min_ver: -30
  mvdream: false
  num_pts: 5000
  opacity_lr: 0.05
  opacity_reset_interval: 700
  outdir: results/dream_gaussian/
  percent_dense: 0.01
  position_lr_delay_mult: 0.02
  position_lr_final: 2.0e-05
  position_lr_init: 0.001
  position_lr_max_steps: 500
  preprocessing_output_path: results/preprocessing/
  radius: 2
  ref_size: 512
  regularize:
    compactness: 0
    elongation: 0
    opacity: 0
  rotation_lr: 0.005
  save_geo_plus_texture: false
  save_images: true
  save_model: false
  scaling_lr: 0.005
  sh_degree: 0
  stable_zero123: false
  stage_1_images_output_path: results/dream_gaussian/stage_1/
  stage_1_result_images_output_path: results/stage_1/3images/
  warmup_rgb_loss: true
preprocess:
  border_ratio: 0.2
  recenter: true
  size: 512
","dreamgaussian:
  H: 800
  W: 800
  anneal_timestep: true
  batch_size: 1
  densification_interval: 100
  densify_grad_threshold: 0.01
  density_end_iter: 3000
  density_start_iter: 100
  density_thresh: 1
  elevation: 0
  feature_lr: 0.01
  force_cuda_rast: false
  fovy: 49.1
  generate_gaussian_distribution_plots: false
  generate_image_progressions: false
  imagedream: false
  input: null
  invert_bg_prob: 0.5
  iters: 500
  lambda_sd: 0
  lambda_zero123: 1
  load: null
  max_ver: 30
  mesh_format: obj
  min_ver: -30
  mvdream: false
  num_pts: 5000
  opacity_lr: 0.05
  opacity_reset_interval: 700
  outdir: results/dream_gaussian/
  percent_dense: 0.01
  position_lr_delay_mult: 0.02
  position_lr_final: 2.0e-05
  position_lr_init: 0.001
  position_lr_max_steps: 500
  preprocessing_output_path: results/preprocessing/
  radius: 2
  ref_size: 512
  regularize:
    compactness: 0
    elongation: 0
    opacity: 0
  rotation_lr: 0.005
  save_geo_plus_texture: false
  save_images: true
  save_model: false
  scaling_lr: 0.005
  sh_degree: 0
  stable_zero123: false
  stage_1_images_output_path: results/dream_gaussian/stage_1/
  stage_1_result_images_output_path: results/stage_1/3images/
  warmup_rgb_loss: true
paths:
  dream_gaussian_repo_path: repos/dreamgaussian/
  dream_gaussian_results_path: results/dream_gaussian/
  image_progression_output_path: results/image_progression/
  input_image_path: images/results/image-10.png
  model_output_path: results/dream_gaussian/model/
  preprocessing_output_path: results/preprocessing/
  stage_1_clip_scores_output_path: results/dream_gaussian/stage_1/result_clip_scores.csv
  stage_1_images_output_path: results/dream_gaussian/stage_1/
  stage_1_result_images_output_path: results/stage_1/3images/
preprocess:
  border_ratio: 0.2
  recenter: true
  size: 512
"
70.51676177978516,0,0,0,"[3600.13037109375, 3529.534912109375, 3451.854736328125, 137.02842712402344]",103.04288530349731,images/grid_search/image-7.png,"dreamgaussian:
  H: 800
  W: 800
  anneal_timestep: true
  batch_size: 1
  densification_interval: 100
  densify_grad_threshold: 0.01
  density_end_iter: 3000
  density_start_iter: 100
  density_thresh: 1
  elevation: 0
  feature_lr: 0.01
  force_cuda_rast: false
  fovy: 49.1
  generate_gaussian_distribution_plots: false
  generate_image_progressions: false
  imagedream: false
  input: null
  invert_bg_prob: 0.5
  iters: 500
  lambda_sd: 0
  lambda_zero123: 1
  load: null
  max_ver: 30
  mesh_format: obj
  min_ver: -30
  mvdream: false
  num_pts: 5000
  opacity_lr: 0.05
  opacity_reset_interval: 700
  outdir: results/dream_gaussian/
  percent_dense: 0.01
  position_lr_delay_mult: 0.02
  position_lr_final: 2.0e-05
  position_lr_init: 0.001
  position_lr_max_steps: 500
  preprocessing_output_path: results/preprocessing/
  radius: 2
  ref_size: 512
  regularize:
    compactness: 0
    elongation: 0
    opacity: 0
  rotation_lr: 0.005
  save_geo_plus_texture: false
  save_images: true
  save_model: false
  scaling_lr: 0.005
  sh_degree: 0
  stable_zero123: false
  stage_1_images_output_path: results/dream_gaussian/stage_1/
  stage_1_result_images_output_path: results/stage_1/3images/
  warmup_rgb_loss: true
preprocess:
  border_ratio: 0.2
  recenter: true
  size: 512
","dreamgaussian:
  H: 800
  W: 800
  anneal_timestep: true
  batch_size: 1
  densification_interval: 100
  densify_grad_threshold: 0.01
  density_end_iter: 3000
  density_start_iter: 100
  density_thresh: 1
  elevation: 0
  feature_lr: 0.01
  force_cuda_rast: false
  fovy: 49.1
  generate_gaussian_distribution_plots: false
  generate_image_progressions: false
  imagedream: false
  input: null
  invert_bg_prob: 0.5
  iters: 500
  lambda_sd: 0
  lambda_zero123: 1
  load: null
  max_ver: 30
  mesh_format: obj
  min_ver: -30
  mvdream: false
  num_pts: 5000
  opacity_lr: 0.05
  opacity_reset_interval: 700
  outdir: results/dream_gaussian/
  percent_dense: 0.01
  position_lr_delay_mult: 0.02
  position_lr_final: 2.0e-05
  position_lr_init: 0.001
  position_lr_max_steps: 500
  preprocessing_output_path: results/preprocessing/
  radius: 2
  ref_size: 512
  regularize:
    compactness: 0
    elongation: 0
    opacity: 0
  rotation_lr: 0.005
  save_geo_plus_texture: false
  save_images: true
  save_model: false
  scaling_lr: 0.005
  sh_degree: 0
  stable_zero123: false
  stage_1_images_output_path: results/dream_gaussian/stage_1/
  stage_1_result_images_output_path: results/stage_1/3images/
  warmup_rgb_loss: true
paths:
  dream_gaussian_repo_path: repos/dreamgaussian/
  dream_gaussian_results_path: results/dream_gaussian/
  image_progression_output_path: results/image_progression/
  input_image_path: images/grid_search/image-7.png
  model_output_path: results/dream_gaussian/model/
  preprocessing_output_path: results/preprocessing/
  stage_1_clip_scores_output_path: results/dream_gaussian/stage_1/result_clip_scores.csv
  stage_1_images_output_path: results/dream_gaussian/stage_1/
  stage_1_result_images_output_path: results/stage_1/3images/
preprocess:
  border_ratio: 0.2
  recenter: true
  size: 512
"
70.27161407470703,0,0,0,"[3565.376708984375, 3561.114990234375, 3447.705078125, 669.2606811523438]",103.8748528957367,images/results/image-3.png,"dreamgaussian:
  H: 800
  W: 800
  anneal_timestep: true
  batch_size: 1
  densification_interval: 100
  densify_grad_threshold: 0.01
  density_end_iter: 3000
  density_start_iter: 100
  density_thresh: 1
  elevation: 0
  feature_lr: 0.01
  force_cuda_rast: false
  fovy: 49.1
  generate_gaussian_distribution_plots: false
  generate_image_progressions: false
  imagedream: false
  input: null
  invert_bg_prob: 0.5
  iters: 500
  lambda_sd: 0
  lambda_zero123: 1
  load: null
  max_ver: 30
  mesh_format: obj
  min_ver: -30
  mvdream: false
  num_pts: 5000
  opacity_lr: 0.05
  opacity_reset_interval: 700
  outdir: results/dream_gaussian/
  percent_dense: 0.01
  position_lr_delay_mult: 0.02
  position_lr_final: 2.0e-05
  position_lr_init: 0.001
  position_lr_max_steps: 500
  preprocessing_output_path: results/preprocessing/
  radius: 2
  ref_size: 512
  regularize:
    compactness: 0
    elongation: 0
    opacity: 0
  rotation_lr: 0.005
  save_geo_plus_texture: false
  save_images: true
  save_model: false
  scaling_lr: 0.005
  sh_degree: 0
  stable_zero123: false
  stage_1_images_output_path: results/dream_gaussian/stage_1/
  stage_1_result_images_output_path: results/stage_1/3images/
  warmup_rgb_loss: true
preprocess:
  border_ratio: 0.2
  recenter: true
  size: 512
","dreamgaussian:
  H: 800
  W: 800
  anneal_timestep: true
  batch_size: 1
  densification_interval: 100
  densify_grad_threshold: 0.01
  density_end_iter: 3000
  density_start_iter: 100
  density_thresh: 1
  elevation: 0
  feature_lr: 0.01
  force_cuda_rast: false
  fovy: 49.1
  generate_gaussian_distribution_plots: false
  generate_image_progressions: false
  imagedream: false
  input: null
  invert_bg_prob: 0.5
  iters: 500
  lambda_sd: 0
  lambda_zero123: 1
  load: null
  max_ver: 30
  mesh_format: obj
  min_ver: -30
  mvdream: false
  num_pts: 5000
  opacity_lr: 0.05
  opacity_reset_interval: 700
  outdir: results/dream_gaussian/
  percent_dense: 0.01
  position_lr_delay_mult: 0.02
  position_lr_final: 2.0e-05
  position_lr_init: 0.001
  position_lr_max_steps: 500
  preprocessing_output_path: results/preprocessing/
  radius: 2
  ref_size: 512
  regularize:
    compactness: 0
    elongation: 0
    opacity: 0
  rotation_lr: 0.005
  save_geo_plus_texture: false
  save_images: true
  save_model: false
  scaling_lr: 0.005
  sh_degree: 0
  stable_zero123: false
  stage_1_images_output_path: results/dream_gaussian/stage_1/
  stage_1_result_images_output_path: results/stage_1/3images/
  warmup_rgb_loss: true
paths:
  dream_gaussian_repo_path: repos/dreamgaussian/
  dream_gaussian_results_path: results/dream_gaussian/
  image_progression_output_path: results/image_progression/
  input_image_path: images/results/image-3.png
  model_output_path: results/dream_gaussian/model/
  preprocessing_output_path: results/preprocessing/
  stage_1_clip_scores_output_path: results/dream_gaussian/stage_1/result_clip_scores.csv
  stage_1_images_output_path: results/dream_gaussian/stage_1/
  stage_1_result_images_output_path: results/stage_1/3images/
preprocess:
  border_ratio: 0.2
  recenter: true
  size: 512
"
70.47735595703125,0,0,0,"[3559.84423828125, 3608.95849609375, 3453.960693359375, 1217.4320068359375]",104.11783266067505,images/results/image-15.png,"dreamgaussian:
  H: 800
  W: 800
  anneal_timestep: true
  batch_size: 1
  densification_interval: 100
  densify_grad_threshold: 0.01
  density_end_iter: 3000
  density_start_iter: 100
  density_thresh: 1
  elevation: 0
  feature_lr: 0.01
  force_cuda_rast: false
  fovy: 49.1
  generate_gaussian_distribution_plots: false
  generate_image_progressions: false
  imagedream: false
  input: null
  invert_bg_prob: 0.5
  iters: 500
  lambda_sd: 0
  lambda_zero123: 1
  load: null
  max_ver: 30
  mesh_format: obj
  min_ver: -30
  mvdream: false
  num_pts: 5000
  opacity_lr: 0.05
  opacity_reset_interval: 700
  outdir: results/dream_gaussian/
  percent_dense: 0.01
  position_lr_delay_mult: 0.02
  position_lr_final: 2.0e-05
  position_lr_init: 0.001
  position_lr_max_steps: 500
  preprocessing_output_path: results/preprocessing/
  radius: 2
  ref_size: 512
  regularize:
    compactness: 0
    elongation: 0
    opacity: 0
  rotation_lr: 0.005
  save_geo_plus_texture: false
  save_images: true
  save_model: false
  scaling_lr: 0.005
  sh_degree: 0
  stable_zero123: false
  stage_1_images_output_path: results/dream_gaussian/stage_1/
  stage_1_result_images_output_path: results/stage_1/3images/
  warmup_rgb_loss: true
preprocess:
  border_ratio: 0.2
  recenter: true
  size: 512
","dreamgaussian:
  H: 800
  W: 800
  anneal_timestep: true
  batch_size: 1
  densification_interval: 100
  densify_grad_threshold: 0.01
  density_end_iter: 3000
  density_start_iter: 100
  density_thresh: 1
  elevation: 0
  feature_lr: 0.01
  force_cuda_rast: false
  fovy: 49.1
  generate_gaussian_distribution_plots: false
  generate_image_progressions: false
  imagedream: false
  input: null
  invert_bg_prob: 0.5
  iters: 500
  lambda_sd: 0
  lambda_zero123: 1
  load: null
  max_ver: 30
  mesh_format: obj
  min_ver: -30
  mvdream: false
  num_pts: 5000
  opacity_lr: 0.05
  opacity_reset_interval: 700
  outdir: results/dream_gaussian/
  percent_dense: 0.01
  position_lr_delay_mult: 0.02
  position_lr_final: 2.0e-05
  position_lr_init: 0.001
  position_lr_max_steps: 500
  preprocessing_output_path: results/preprocessing/
  radius: 2
  ref_size: 512
  regularize:
    compactness: 0
    elongation: 0
    opacity: 0
  rotation_lr: 0.005
  save_geo_plus_texture: false
  save_images: true
  save_model: false
  scaling_lr: 0.005
  sh_degree: 0
  stable_zero123: false
  stage_1_images_output_path: results/dream_gaussian/stage_1/
  stage_1_result_images_output_path: results/stage_1/3images/
  warmup_rgb_loss: true
paths:
  dream_gaussian_repo_path: repos/dreamgaussian/
  dream_gaussian_results_path: results/dream_gaussian/
  image_progression_output_path: results/image_progression/
  input_image_path: images/results/image-15.png
  model_output_path: results/dream_gaussian/model/
  preprocessing_output_path: results/preprocessing/
  stage_1_clip_scores_output_path: results/dream_gaussian/stage_1/result_clip_scores.csv
  stage_1_images_output_path: results/dream_gaussian/stage_1/
  stage_1_result_images_output_path: results/stage_1/3images/
preprocess:
  border_ratio: 0.2
  recenter: true
  size: 512
"
70.7316665649414,0,0,0,"[3573.93994140625, 3623.767822265625, 3467.677978515625, 1783.3875732421875]",103.62915873527527,images/results/image-9.png,"dreamgaussian:
  H: 800
  W: 800
  anneal_timestep: true
  batch_size: 1
  densification_interval: 100
  densify_grad_threshold: 0.01
  density_end_iter: 3000
  density_start_iter: 100
  density_thresh: 1
  elevation: 0
  feature_lr: 0.01
  force_cuda_rast: false
  fovy: 49.1
  generate_gaussian_distribution_plots: false
  generate_image_progressions: false
  imagedream: false
  input: null
  invert_bg_prob: 0.5
  iters: 500
  lambda_sd: 0
  lambda_zero123: 1
  load: null
  max_ver: 30
  mesh_format: obj
  min_ver: -30
  mvdream: false
  num_pts: 5000
  opacity_lr: 0.05
  opacity_reset_interval: 700
  outdir: results/dream_gaussian/
  percent_dense: 0.01
  position_lr_delay_mult: 0.02
  position_lr_final: 2.0e-05
  position_lr_init: 0.001
  position_lr_max_steps: 500
  preprocessing_output_path: results/preprocessing/
  radius: 2
  ref_size: 512
  regularize:
    compactness: 0
    elongation: 0
    opacity: 0
  rotation_lr: 0.005
  save_geo_plus_texture: false
  save_images: true
  save_model: false
  scaling_lr: 0.005
  sh_degree: 0
  stable_zero123: false
  stage_1_images_output_path: results/dream_gaussian/stage_1/
  stage_1_result_images_output_path: results/stage_1/3images/
  warmup_rgb_loss: true
preprocess:
  border_ratio: 0.2
  recenter: true
  size: 512
","dreamgaussian:
  H: 800
  W: 800
  anneal_timestep: true
  batch_size: 1
  densification_interval: 100
  densify_grad_threshold: 0.01
  density_end_iter: 3000
  density_start_iter: 100
  density_thresh: 1
  elevation: 0
  feature_lr: 0.01
  force_cuda_rast: false
  fovy: 49.1
  generate_gaussian_distribution_plots: false
  generate_image_progressions: false
  imagedream: false
  input: null
  invert_bg_prob: 0.5
  iters: 500
  lambda_sd: 0
  lambda_zero123: 1
  load: null
  max_ver: 30
  mesh_format: obj
  min_ver: -30
  mvdream: false
  num_pts: 5000
  opacity_lr: 0.05
  opacity_reset_interval: 700
  outdir: results/dream_gaussian/
  percent_dense: 0.01
  position_lr_delay_mult: 0.02
  position_lr_final: 2.0e-05
  position_lr_init: 0.001
  position_lr_max_steps: 500
  preprocessing_output_path: results/preprocessing/
  radius: 2
  ref_size: 512
  regularize:
    compactness: 0
    elongation: 0
    opacity: 0
  rotation_lr: 0.005
  save_geo_plus_texture: false
  save_images: true
  save_model: false
  scaling_lr: 0.005
  sh_degree: 0
  stable_zero123: false
  stage_1_images_output_path: results/dream_gaussian/stage_1/
  stage_1_result_images_output_path: results/stage_1/3images/
  warmup_rgb_loss: true
paths:
  dream_gaussian_repo_path: repos/dreamgaussian/
  dream_gaussian_results_path: results/dream_gaussian/
  image_progression_output_path: results/image_progression/
  input_image_path: images/results/image-9.png
  model_output_path: results/dream_gaussian/model/
  preprocessing_output_path: results/preprocessing/
  stage_1_clip_scores_output_path: results/dream_gaussian/stage_1/result_clip_scores.csv
  stage_1_images_output_path: results/dream_gaussian/stage_1/
  stage_1_result_images_output_path: results/stage_1/3images/
preprocess:
  border_ratio: 0.2
  recenter: true
  size: 512
"
70.98382568359375,0,0,0,"[3586.314453125, 3648.841796875, 3490.306884765625, 2335.560791015625]",103.16293835639954,images/grid_search/image-13.png,"dreamgaussian:
  H: 800
  W: 800
  anneal_timestep: true
  batch_size: 1
  densification_interval: 100
  densify_grad_threshold: 0.01
  density_end_iter: 3000
  density_start_iter: 100
  density_thresh: 1
  elevation: 0
  feature_lr: 0.01
  force_cuda_rast: false
  fovy: 49.1
  generate_gaussian_distribution_plots: false
  generate_image_progressions: false
  imagedream: false
  input: null
  invert_bg_prob: 0.5
  iters: 500
  lambda_sd: 0
  lambda_zero123: 1
  load: null
  max_ver: 30
  mesh_format: obj
  min_ver: -30
  mvdream: false
  num_pts: 5000
  opacity_lr: 0.05
  opacity_reset_interval: 700
  outdir: results/dream_gaussian/
  percent_dense: 0.01
  position_lr_delay_mult: 0.02
  position_lr_final: 2.0e-05
  position_lr_init: 0.001
  position_lr_max_steps: 500
  preprocessing_output_path: results/preprocessing/
  radius: 2
  ref_size: 512
  regularize:
    compactness: 0
    elongation: 0
    opacity: 0
  rotation_lr: 0.005
  save_geo_plus_texture: false
  save_images: true
  save_model: false
  scaling_lr: 0.005
  sh_degree: 0
  stable_zero123: false
  stage_1_images_output_path: results/dream_gaussian/stage_1/
  stage_1_result_images_output_path: results/stage_1/3images/
  warmup_rgb_loss: true
preprocess:
  border_ratio: 0.2
  recenter: true
  size: 512
","dreamgaussian:
  H: 800
  W: 800
  anneal_timestep: true
  batch_size: 1
  densification_interval: 100
  densify_grad_threshold: 0.01
  density_end_iter: 3000
  density_start_iter: 100
  density_thresh: 1
  elevation: 0
  feature_lr: 0.01
  force_cuda_rast: false
  fovy: 49.1
  generate_gaussian_distribution_plots: false
  generate_image_progressions: false
  imagedream: false
  input: null
  invert_bg_prob: 0.5
  iters: 500
  lambda_sd: 0
  lambda_zero123: 1
  load: null
  max_ver: 30
  mesh_format: obj
  min_ver: -30
  mvdream: false
  num_pts: 5000
  opacity_lr: 0.05
  opacity_reset_interval: 700
  outdir: results/dream_gaussian/
  percent_dense: 0.01
  position_lr_delay_mult: 0.02
  position_lr_final: 2.0e-05
  position_lr_init: 0.001
  position_lr_max_steps: 500
  preprocessing_output_path: results/preprocessing/
  radius: 2
  ref_size: 512
  regularize:
    compactness: 0
    elongation: 0
    opacity: 0
  rotation_lr: 0.005
  save_geo_plus_texture: false
  save_images: true
  save_model: false
  scaling_lr: 0.005
  sh_degree: 0
  stable_zero123: false
  stage_1_images_output_path: results/dream_gaussian/stage_1/
  stage_1_result_images_output_path: results/stage_1/3images/
  warmup_rgb_loss: true
paths:
  dream_gaussian_repo_path: repos/dreamgaussian/
  dream_gaussian_results_path: results/dream_gaussian/
  image_progression_output_path: results/image_progression/
  input_image_path: images/grid_search/image-13.png
  model_output_path: results/dream_gaussian/model/
  preprocessing_output_path: results/preprocessing/
  stage_1_clip_scores_output_path: results/dream_gaussian/stage_1/result_clip_scores.csv
  stage_1_images_output_path: results/dream_gaussian/stage_1/
  stage_1_result_images_output_path: results/stage_1/3images/
preprocess:
  border_ratio: 0.2
  recenter: true
  size: 512
"
71.07426452636719,0,0,0,"[3580.51806640625, 3683.396240234375, 3473.860107421875, 2908.483642578125]",106.0925965309143,images/results/image-8.png,"dreamgaussian:
  H: 800
  W: 800
  anneal_timestep: true
  batch_size: 1
  densification_interval: 100
  densify_grad_threshold: 0.01
  density_end_iter: 3000
  density_start_iter: 100
  density_thresh: 1
  elevation: 0
  feature_lr: 0.01
  force_cuda_rast: false
  fovy: 49.1
  generate_gaussian_distribution_plots: false
  generate_image_progressions: false
  imagedream: false
  input: null
  invert_bg_prob: 0.5
  iters: 500
  lambda_sd: 0
  lambda_zero123: 1
  load: null
  max_ver: 30
  mesh_format: obj
  min_ver: -30
  mvdream: false
  num_pts: 5000
  opacity_lr: 0.05
  opacity_reset_interval: 700
  outdir: results/dream_gaussian/
  percent_dense: 0.01
  position_lr_delay_mult: 0.02
  position_lr_final: 2.0e-05
  position_lr_init: 0.001
  position_lr_max_steps: 500
  preprocessing_output_path: results/preprocessing/
  radius: 2
  ref_size: 512
  regularize:
    compactness: 0
    elongation: 0
    opacity: 0
  rotation_lr: 0.005
  save_geo_plus_texture: false
  save_images: true
  save_model: false
  scaling_lr: 0.005
  sh_degree: 0
  stable_zero123: false
  stage_1_images_output_path: results/dream_gaussian/stage_1/
  stage_1_result_images_output_path: results/stage_1/3images/
  warmup_rgb_loss: true
preprocess:
  border_ratio: 0.2
  recenter: true
  size: 512
","dreamgaussian:
  H: 800
  W: 800
  anneal_timestep: true
  batch_size: 1
  densification_interval: 100
  densify_grad_threshold: 0.01
  density_end_iter: 3000
  density_start_iter: 100
  density_thresh: 1
  elevation: 0
  feature_lr: 0.01
  force_cuda_rast: false
  fovy: 49.1
  generate_gaussian_distribution_plots: false
  generate_image_progressions: false
  imagedream: false
  input: null
  invert_bg_prob: 0.5
  iters: 500
  lambda_sd: 0
  lambda_zero123: 1
  load: null
  max_ver: 30
  mesh_format: obj
  min_ver: -30
  mvdream: false
  num_pts: 5000
  opacity_lr: 0.05
  opacity_reset_interval: 700
  outdir: results/dream_gaussian/
  percent_dense: 0.01
  position_lr_delay_mult: 0.02
  position_lr_final: 2.0e-05
  position_lr_init: 0.001
  position_lr_max_steps: 500
  preprocessing_output_path: results/preprocessing/
  radius: 2
  ref_size: 512
  regularize:
    compactness: 0
    elongation: 0
    opacity: 0
  rotation_lr: 0.005
  save_geo_plus_texture: false
  save_images: true
  save_model: false
  scaling_lr: 0.005
  sh_degree: 0
  stable_zero123: false
  stage_1_images_output_path: results/dream_gaussian/stage_1/
  stage_1_result_images_output_path: results/stage_1/3images/
  warmup_rgb_loss: true
paths:
  dream_gaussian_repo_path: repos/dreamgaussian/
  dream_gaussian_results_path: results/dream_gaussian/
  image_progression_output_path: results/image_progression/
  input_image_path: images/results/image-8.png
  model_output_path: results/dream_gaussian/model/
  preprocessing_output_path: results/preprocessing/
  stage_1_clip_scores_output_path: results/dream_gaussian/stage_1/result_clip_scores.csv
  stage_1_images_output_path: results/dream_gaussian/stage_1/
  stage_1_result_images_output_path: results/stage_1/3images/
preprocess:
  border_ratio: 0.2
  recenter: true
  size: 512
"
71.09394836425781,0,0,0,"[3584.5, 3710.012451171875, 3451.000244140625, 3473.27734375]",103.35387110710144,images/grid_search/image-2.png,"dreamgaussian:
  H: 800
  W: 800
  anneal_timestep: true
  batch_size: 1
  densification_interval: 100
  densify_grad_threshold: 0.01
  density_end_iter: 3000
  density_start_iter: 100
  density_thresh: 1
  elevation: 0
  feature_lr: 0.01
  force_cuda_rast: false
  fovy: 49.1
  generate_gaussian_distribution_plots: false
  generate_image_progressions: false
  imagedream: false
  input: null
  invert_bg_prob: 0.5
  iters: 500
  lambda_sd: 0
  lambda_zero123: 1
  load: null
  max_ver: 30
  mesh_format: obj
  min_ver: -30
  mvdream: false
  num_pts: 5000
  opacity_lr: 0.05
  opacity_reset_interval: 700
  outdir: results/dream_gaussian/
  percent_dense: 0.01
  position_lr_delay_mult: 0.02
  position_lr_final: 2.0e-05
  position_lr_init: 0.001
  position_lr_max_steps: 500
  preprocessing_output_path: results/preprocessing/
  radius: 2
  ref_size: 512
  regularize:
    compactness: 0
    elongation: 0
    opacity: 0
  rotation_lr: 0.005
  save_geo_plus_texture: false
  save_images: true
  save_model: false
  scaling_lr: 0.005
  sh_degree: 0
  stable_zero123: false
  stage_1_images_output_path: results/dream_gaussian/stage_1/
  stage_1_result_images_output_path: results/stage_1/3images/
  warmup_rgb_loss: true
preprocess:
  border_ratio: 0.2
  recenter: true
  size: 512
","dreamgaussian:
  H: 800
  W: 800
  anneal_timestep: true
  batch_size: 1
  densification_interval: 100
  densify_grad_threshold: 0.01
  density_end_iter: 3000
  density_start_iter: 100
  density_thresh: 1
  elevation: 0
  feature_lr: 0.01
  force_cuda_rast: false
  fovy: 49.1
  generate_gaussian_distribution_plots: false
  generate_image_progressions: false
  imagedream: false
  input: null
  invert_bg_prob: 0.5
  iters: 500
  lambda_sd: 0
  lambda_zero123: 1
  load: null
  max_ver: 30
  mesh_format: obj
  min_ver: -30
  mvdream: false
  num_pts: 5000
  opacity_lr: 0.05
  opacity_reset_interval: 700
  outdir: results/dream_gaussian/
  percent_dense: 0.01
  position_lr_delay_mult: 0.02
  position_lr_final: 2.0e-05
  position_lr_init: 0.001
  position_lr_max_steps: 500
  preprocessing_output_path: results/preprocessing/
  radius: 2
  ref_size: 512
  regularize:
    compactness: 0
    elongation: 0
    opacity: 0
  rotation_lr: 0.005
  save_geo_plus_texture: false
  save_images: true
  save_model: false
  scaling_lr: 0.005
  sh_degree: 0
  stable_zero123: false
  stage_1_images_output_path: results/dream_gaussian/stage_1/
  stage_1_result_images_output_path: results/stage_1/3images/
  warmup_rgb_loss: true
paths:
  dream_gaussian_repo_path: repos/dreamgaussian/
  dream_gaussian_results_path: results/dream_gaussian/
  image_progression_output_path: results/image_progression/
  input_image_path: images/grid_search/image-2.png
  model_output_path: results/dream_gaussian/model/
  preprocessing_output_path: results/preprocessing/
  stage_1_clip_scores_output_path: results/dream_gaussian/stage_1/result_clip_scores.csv
  stage_1_images_output_path: results/dream_gaussian/stage_1/
  stage_1_result_images_output_path: results/stage_1/3images/
preprocess:
  border_ratio: 0.2
  recenter: true
  size: 512
"
71.24327087402344,0,0,0,"[3587.839599609375, 3721.278076171875, 3471.52978515625, 3503.462158203125, 534.4906616210938]",103.07730054855347,images/results/image.png,"dreamgaussian:
  H: 800
  W: 800
  anneal_timestep: true
  batch_size: 1
  densification_interval: 100
  densify_grad_threshold: 0.01
  density_end_iter: 3000
  density_start_iter: 100
  density_thresh: 1
  elevation: 0
  feature_lr: 0.01
  force_cuda_rast: false
  fovy: 49.1
  generate_gaussian_distribution_plots: false
  generate_image_progressions: false
  imagedream: false
  input: null
  invert_bg_prob: 0.5
  iters: 500
  lambda_sd: 0
  lambda_zero123: 1
  load: null
  max_ver: 30
  mesh_format: obj
  min_ver: -30
  mvdream: false
  num_pts: 5000
  opacity_lr: 0.05
  opacity_reset_interval: 700
  outdir: results/dream_gaussian/
  percent_dense: 0.01
  position_lr_delay_mult: 0.02
  position_lr_final: 2.0e-05
  position_lr_init: 0.001
  position_lr_max_steps: 500
  preprocessing_output_path: results/preprocessing/
  radius: 2
  ref_size: 512
  regularize:
    compactness: 0
    elongation: 0
    opacity: 0
  rotation_lr: 0.005
  save_geo_plus_texture: false
  save_images: true
  save_model: false
  scaling_lr: 0.005
  sh_degree: 0
  stable_zero123: false
  stage_1_images_output_path: results/dream_gaussian/stage_1/
  stage_1_result_images_output_path: results/stage_1/3images/
  warmup_rgb_loss: true
preprocess:
  border_ratio: 0.2
  recenter: true
  size: 512
","dreamgaussian:
  H: 800
  W: 800
  anneal_timestep: true
  batch_size: 1
  densification_interval: 100
  densify_grad_threshold: 0.01
  density_end_iter: 3000
  density_start_iter: 100
  density_thresh: 1
  elevation: 0
  feature_lr: 0.01
  force_cuda_rast: false
  fovy: 49.1
  generate_gaussian_distribution_plots: false
  generate_image_progressions: false
  imagedream: false
  input: null
  invert_bg_prob: 0.5
  iters: 500
  lambda_sd: 0
  lambda_zero123: 1
  load: null
  max_ver: 30
  mesh_format: obj
  min_ver: -30
  mvdream: false
  num_pts: 5000
  opacity_lr: 0.05
  opacity_reset_interval: 700
  outdir: results/dream_gaussian/
  percent_dense: 0.01
  position_lr_delay_mult: 0.02
  position_lr_final: 2.0e-05
  position_lr_init: 0.001
  position_lr_max_steps: 500
  preprocessing_output_path: results/preprocessing/
  radius: 2
  ref_size: 512
  regularize:
    compactness: 0
    elongation: 0
    opacity: 0
  rotation_lr: 0.005
  save_geo_plus_texture: false
  save_images: true
  save_model: false
  scaling_lr: 0.005
  sh_degree: 0
  stable_zero123: false
  stage_1_images_output_path: results/dream_gaussian/stage_1/
  stage_1_result_images_output_path: results/stage_1/3images/
  warmup_rgb_loss: true
paths:
  dream_gaussian_repo_path: repos/dreamgaussian/
  dream_gaussian_results_path: results/dream_gaussian/
  image_progression_output_path: results/image_progression/
  input_image_path: images/results/image.png
  model_output_path: results/dream_gaussian/model/
  preprocessing_output_path: results/preprocessing/
  stage_1_clip_scores_output_path: results/dream_gaussian/stage_1/result_clip_scores.csv
  stage_1_images_output_path: results/dream_gaussian/stage_1/
  stage_1_result_images_output_path: results/stage_1/3images/
preprocess:
  border_ratio: 0.2
  recenter: true
  size: 512
"
71.46583557128906,0,0,0,"[3602.712158203125, 3738.787353515625, 3475.8330078125, 3517.21533203125, 1102.0743408203125]",103.75660634040833,images/results/image-6.png,"dreamgaussian:
  H: 800
  W: 800
  anneal_timestep: true
  batch_size: 1
  densification_interval: 100
  densify_grad_threshold: 0.01
  density_end_iter: 3000
  density_start_iter: 100
  density_thresh: 1
  elevation: 0
  feature_lr: 0.01
  force_cuda_rast: false
  fovy: 49.1
  generate_gaussian_distribution_plots: false
  generate_image_progressions: false
  imagedream: false
  input: null
  invert_bg_prob: 0.5
  iters: 500
  lambda_sd: 0
  lambda_zero123: 1
  load: null
  max_ver: 30
  mesh_format: obj
  min_ver: -30
  mvdream: false
  num_pts: 5000
  opacity_lr: 0.05
  opacity_reset_interval: 700
  outdir: results/dream_gaussian/
  percent_dense: 0.01
  position_lr_delay_mult: 0.02
  position_lr_final: 2.0e-05
  position_lr_init: 0.001
  position_lr_max_steps: 500
  preprocessing_output_path: results/preprocessing/
  radius: 2
  ref_size: 512
  regularize:
    compactness: 0
    elongation: 0
    opacity: 0
  rotation_lr: 0.005
  save_geo_plus_texture: false
  save_images: true
  save_model: false
  scaling_lr: 0.005
  sh_degree: 0
  stable_zero123: false
  stage_1_images_output_path: results/dream_gaussian/stage_1/
  stage_1_result_images_output_path: results/stage_1/3images/
  warmup_rgb_loss: true
preprocess:
  border_ratio: 0.2
  recenter: true
  size: 512
","dreamgaussian:
  H: 800
  W: 800
  anneal_timestep: true
  batch_size: 1
  densification_interval: 100
  densify_grad_threshold: 0.01
  density_end_iter: 3000
  density_start_iter: 100
  density_thresh: 1
  elevation: 0
  feature_lr: 0.01
  force_cuda_rast: false
  fovy: 49.1
  generate_gaussian_distribution_plots: false
  generate_image_progressions: false
  imagedream: false
  input: null
  invert_bg_prob: 0.5
  iters: 500
  lambda_sd: 0
  lambda_zero123: 1
  load: null
  max_ver: 30
  mesh_format: obj
  min_ver: -30
  mvdream: false
  num_pts: 5000
  opacity_lr: 0.05
  opacity_reset_interval: 700
  outdir: results/dream_gaussian/
  percent_dense: 0.01
  position_lr_delay_mult: 0.02
  position_lr_final: 2.0e-05
  position_lr_init: 0.001
  position_lr_max_steps: 500
  preprocessing_output_path: results/preprocessing/
  radius: 2
  ref_size: 512
  regularize:
    compactness: 0
    elongation: 0
    opacity: 0
  rotation_lr: 0.005
  save_geo_plus_texture: false
  save_images: true
  save_model: false
  scaling_lr: 0.005
  sh_degree: 0
  stable_zero123: false
  stage_1_images_output_path: results/dream_gaussian/stage_1/
  stage_1_result_images_output_path: results/stage_1/3images/
  warmup_rgb_loss: true
paths:
  dream_gaussian_repo_path: repos/dreamgaussian/
  dream_gaussian_results_path: results/dream_gaussian/
  image_progression_output_path: results/image_progression/
  input_image_path: images/results/image-6.png
  model_output_path: results/dream_gaussian/model/
  preprocessing_output_path: results/preprocessing/
  stage_1_clip_scores_output_path: results/dream_gaussian/stage_1/result_clip_scores.csv
  stage_1_images_output_path: results/dream_gaussian/stage_1/
  stage_1_result_images_output_path: results/stage_1/3images/
preprocess:
  border_ratio: 0.2
  recenter: true
  size: 512
"
71.56283569335938,0,0,0,"[3617.289794921875, 3738.103515625, 3485.029296875, 3548.754150390625, 1640.897216796875]",103.5249674320221,images/results/image-12.png,"dreamgaussian:
  H: 800
  W: 800
  anneal_timestep: true
  batch_size: 1
  densification_interval: 100
  densify_grad_threshold: 0.01
  density_end_iter: 3000
  density_start_iter: 100
  density_thresh: 1
  elevation: 0
  feature_lr: 0.01
  force_cuda_rast: false
  fovy: 49.1
  generate_gaussian_distribution_plots: false
  generate_image_progressions: false
  imagedream: false
  input: null
  invert_bg_prob: 0.5
  iters: 500
  lambda_sd: 0
  lambda_zero123: 1
  load: null
  max_ver: 30
  mesh_format: obj
  min_ver: -30
  mvdream: false
  num_pts: 5000
  opacity_lr: 0.05
  opacity_reset_interval: 700
  outdir: results/dream_gaussian/
  percent_dense: 0.01
  position_lr_delay_mult: 0.02
  position_lr_final: 2.0e-05
  position_lr_init: 0.001
  position_lr_max_steps: 500
  preprocessing_output_path: results/preprocessing/
  radius: 2
  ref_size: 512
  regularize:
    compactness: 0
    elongation: 0
    opacity: 0
  rotation_lr: 0.005
  save_geo_plus_texture: false
  save_images: true
  save_model: false
  scaling_lr: 0.005
  sh_degree: 0
  stable_zero123: false
  stage_1_images_output_path: results/dream_gaussian/stage_1/
  stage_1_result_images_output_path: results/stage_1/3images/
  warmup_rgb_loss: true
preprocess:
  border_ratio: 0.2
  recenter: true
  size: 512
","dreamgaussian:
  H: 800
  W: 800
  anneal_timestep: true
  batch_size: 1
  densification_interval: 100
  densify_grad_threshold: 0.01
  density_end_iter: 3000
  density_start_iter: 100
  density_thresh: 1
  elevation: 0
  feature_lr: 0.01
  force_cuda_rast: false
  fovy: 49.1
  generate_gaussian_distribution_plots: false
  generate_image_progressions: false
  imagedream: false
  input: null
  invert_bg_prob: 0.5
  iters: 500
  lambda_sd: 0
  lambda_zero123: 1
  load: null
  max_ver: 30
  mesh_format: obj
  min_ver: -30
  mvdream: false
  num_pts: 5000
  opacity_lr: 0.05
  opacity_reset_interval: 700
  outdir: results/dream_gaussian/
  percent_dense: 0.01
  position_lr_delay_mult: 0.02
  position_lr_final: 2.0e-05
  position_lr_init: 0.001
  position_lr_max_steps: 500
  preprocessing_output_path: results/preprocessing/
  radius: 2
  ref_size: 512
  regularize:
    compactness: 0
    elongation: 0
    opacity: 0
  rotation_lr: 0.005
  save_geo_plus_texture: false
  save_images: true
  save_model: false
  scaling_lr: 0.005
  sh_degree: 0
  stable_zero123: false
  stage_1_images_output_path: results/dream_gaussian/stage_1/
  stage_1_result_images_output_path: results/stage_1/3images/
  warmup_rgb_loss: true
paths:
  dream_gaussian_repo_path: repos/dreamgaussian/
  dream_gaussian_results_path: results/dream_gaussian/
  image_progression_output_path: results/image_progression/
  input_image_path: images/results/image-12.png
  model_output_path: results/dream_gaussian/model/
  preprocessing_output_path: results/preprocessing/
  stage_1_clip_scores_output_path: results/dream_gaussian/stage_1/result_clip_scores.csv
  stage_1_images_output_path: results/dream_gaussian/stage_1/
  stage_1_result_images_output_path: results/stage_1/3images/
preprocess:
  border_ratio: 0.2
  recenter: true
  size: 512
"
